Time,Battery,Voltage,Current,Temperature
2026-06-27 21:11:12.557731,98.1,52.97,2.91,49.67
2026-06-27 21:11:29.541913,79.7,43.05,6.05,49.81
2026-06-27 21:11:35.722878,91.7,49.53,14.31,48.78
2026-06-27 21:11:38.908031,96.5,52.11,17.33,49.44
2026-06-27 21:11:44.893035,88.9,48.0,9.87,47.77
2026-06-27 21:11:53.906075,87.8,47.4,8.72,46.67
2026-06-27 21:12:03.309793,91.1,49.22,8.29,45.31
2026-06-27 21:12:12.077883,80.6,43.52,9.62,45.83
2026-06-27 21:12:15.257754,96.4,52.06,11.24,48.25
2026-06-27 21:12:27.309345,79.9,43.15,19.34,49.2
2026-06-27 21:12:39.294822,78.5,42.41,5.33,47.91
2026-06-27 21:12:54.311105,86.2,46.56,12.11,49.37
2026-06-27 21:14:06.296131,94.2,50.87,11.32,49.51
2026-06-27 21:14:15.297522,79.9,43.13,6.51,48.67
2026-06-27 21:14:27.296178,84.6,45.66,9.15,45.14
2026-06-27 21:14:36.297975,86.3,46.62,9.17,49.41
2026-06-27 21:15:09.297626,79.9,43.13,17.31,49.74
2026-06-27 21:15:21.296893,94.5,51.03,11.3,47.33
2026-06-27 21:15:36.300326,89.1,48.12,16.83,48.21
2026-06-27 21:15:39.333311,91.1,49.18,5.48,32.78
2026-06-27 21:15:39.333311,91.1,49.18,5.48,32.78
2026-06-27 21:15:42.297067,85.9,46.36,7.68,30.25
2026-06-27 21:15:42.297067,85.9,46.36,7.68,30.25
2026-06-27 21:15:45.258275,78.6,42.42,17.27,41.96
2026-06-27 21:15:45.258275,78.6,42.42,17.27,41.96
2026-06-27 21:15:48.249725,95.5,51.57,15.41,35.46
2026-06-27 21:15:48.249725,95.5,51.57,15.41,35.46
2026-06-27 21:15:51.247852,88.8,47.94,14.05,35.26
2026-06-27 21:15:51.247852,88.8,47.94,14.05,35.26
2026-06-27 21:15:54.256542,96.3,52.01,1.66,34.35
2026-06-27 21:15:54.256542,96.3,52.01,1.66,34.35
2026-06-27 21:15:57.247011,83.1,44.87,17.19,31.74
2026-06-27 21:15:57.247011,83.1,44.87,17.19,31.74
2026-06-27 21:16:00.256879,82.4,44.5,16.93,27.57
2026-06-27 21:16:00.256879,82.4,44.5,16.93,27.57
2026-06-27 21:16:03.248428,88.3,47.69,2.36,25.86
2026-06-27 21:16:03.248428,88.3,47.69,2.36,25.86
2026-06-27 21:16:06.244827,84.6,45.7,15.3,25.98
2026-06-27 21:16:06.244827,84.6,45.7,15.3,25.98
2026-06-27 21:16:09.249330,80.1,43.25,3.02,33.7
2026-06-27 21:16:09.249330,80.1,43.25,3.02,33.7
2026-06-27 21:16:12.245505,84.0,45.34,3.78,27.44
2026-06-27 21:16:12.245505,84.0,45.34,3.78,27.44
2026-06-27 21:16:15.248785,83.8,45.24,7.56,39.2
2026-06-27 21:16:15.248785,83.8,45.24,7.56,39.2
2026-06-27 21:16:18.249084,79.8,43.1,7.99,43.76
2026-06-27 21:16:18.249084,79.8,43.1,7.99,43.76
2026-06-27 21:16:21.245320,81.5,44.0,11.05,32.38
2026-06-27 21:16:21.245320,81.5,44.0,11.05,32.38
2026-06-27 21:16:24.300586,93.6,50.57,18.41,40.13
2026-06-27 21:16:24.300586,93.6,50.57,18.41,40.13
2026-06-27 21:16:27.299863,86.7,46.8,18.5,48.77
2026-06-27 21:16:27.299863,86.7,46.8,18.5,48.77
2026-06-27 21:16:30.301326,96.7,52.21,13.67,32.32
2026-06-27 21:16:30.301326,96.7,52.21,13.67,32.32
2026-06-27 21:16:33.300674,84.6,45.71,7.74,47.92
2026-06-27 21:16:33.300674,84.6,45.71,7.74,47.92
2026-06-27 21:16:36.306345,90.3,48.78,14.31,42.5
2026-06-27 21:16:39.247136,99.5,53.71,7.94,28.52
2026-06-27 21:16:42.252444,96.4,52.07,2.85,41.92
2026-06-27 21:16:45.248699,85.5,46.16,2.65,27.0
2026-06-27 21:16:48.242132,94.7,51.14,8.64,27.19
2026-06-27 21:16:51.251738,96.8,52.26,15.42,40.08
2026-06-27 21:16:54.256136,86.0,46.43,19.97,33.19
2026-06-27 21:16:57.251924,95.3,51.48,13.61,46.95
2026-06-27 21:17:00.252685,90.9,49.11,7.43,28.1
2026-06-27 21:17:03.300973,89.3,48.23,5.94,28.28
2026-06-27 21:17:06.301626,95.5,51.58,12.17,41.98
2026-06-27 21:17:09.304496,83.0,44.83,7.87,42.76
2026-06-27 21:17:12.301213,83.1,44.89,16.23,27.99
2026-06-27 21:17:15.303744,99.5,53.73,18.09,29.95
2026-06-27 21:17:18.301158,78.0,42.12,10.74,29.97
2026-06-27 21:17:21.303096,91.3,49.3,16.88,41.14
2026-06-27 21:18:04.814854,83.4,45.02,10.95,48.34
2026-06-27 21:18:04.945950,97.7,52.77,2.06,48.76
2026-06-27 21:18:07.312767,86.1,46.5,2.73,48.53
2026-06-27 21:18:09.229495,94.5,51.04,4.33,44.01
2026-06-27 21:18:10.302712,80.4,43.39,8.91,45.49
2026-06-27 21:18:11.255650,78.4,42.34,11.23,43.13
2026-06-27 21:18:13.305029,85.3,46.05,5.22,34.62
2026-06-27 21:18:14.249379,97.9,52.89,6.63,48.52
2026-06-27 21:18:16.303199,90.1,48.67,6.37,32.24
2026-06-27 21:18:17.304659,95.7,51.67,7.18,38.53
2026-06-27 21:18:19.297058,86.0,46.46,18.8,25.7
2026-06-27 21:18:20.304214,79.8,43.1,2.25,37.55
2026-06-27 21:18:22.306051,90.3,48.77,13.26,30.22
2026-06-27 21:18:23.303746,88.3,47.68,5.61,41.92
2026-06-27 21:18:25.304239,92.5,49.97,8.2,25.66
2026-06-27 21:18:26.305034,95.4,51.49,11.54,49.25
2026-06-27 21:18:28.304101,84.5,45.63,3.65,33.7
2026-06-27 21:18:29.296886,86.3,46.6,4.72,31.6
2026-06-27 21:18:31.303853,79.1,42.73,16.26,32.25
2026-06-27 21:18:32.305136,85.1,45.94,2.06,44.56
2026-06-27 21:18:34.306607,82.4,44.49,10.07,34.46
2026-06-27 21:18:35.303489,99.3,53.61,0.53,44.38
2026-06-27 21:18:37.304534,84.3,45.53,6.34,40.29
2026-06-27 21:18:38.304300,89.8,48.51,11.97,26.13
2026-06-27 21:18:40.303589,96.9,52.31,12.37,38.33
2026-06-27 21:18:41.305247,93.3,50.4,10.06,39.89
2026-06-27 21:18:43.306128,87.9,47.44,11.84,45.25
2026-06-27 21:18:44.305596,97.0,52.39,2.66,42.13
2026-06-27 21:18:46.303511,85.9,46.4,17.75,36.43
2026-06-27 21:18:47.295982,88.2,47.65,7.63,46.71
2026-06-27 21:18:49.306331,85.9,46.39,6.46,33.93
2026-06-27 21:18:50.305483,88.4,47.74,4.26,42.5
2026-06-27 21:18:52.305158,81.4,43.93,12.17,48.85
2026-06-27 21:18:53.306003,99.6,53.78,17.39,49.51
2026-06-27 21:18:55.305822,81.1,43.78,0.73,44.85
2026-06-27 21:18:56.304122,93.6,50.56,3.57,36.77
2026-06-27 21:18:58.298165,83.1,44.9,19.1,30.26
2026-06-27 21:18:59.306598,96.6,52.15,1.94,26.3
2026-06-27 21:19:01.305198,97.4,52.61,16.22,49.3
2026-06-27 21:19:02.305005,86.2,46.53,12.47,32.65
2026-06-27 21:19:04.305796,93.4,50.41,14.63,25.39
2026-06-27 21:19:05.294525,79.1,42.7,13.7,28.62
2026-06-27 21:19:07.296417,89.1,48.14,16.67,42.67
2026-06-27 21:19:08.297312,98.1,52.97,10.68,28.79
2026-06-27 21:19:10.305705,81.3,43.91,2.19,46.34
2026-06-27 21:19:11.307305,87.6,47.29,15.94,35.26
2026-06-27 21:19:13.297698,87.7,47.37,3.15,31.0
2026-06-27 21:19:14.293094,82.1,44.33,5.99,43.29
2026-06-27 21:19:16.304370,93.3,50.39,3.38,28.6
2026-06-27 21:19:19.307531,92.8,50.09,18.75,33.46
2026-06-27 21:19:22.306898,78.9,42.59,4.55,38.21
2026-06-27 21:19:25.305377,91.5,49.39,14.36,41.89
2026-06-27 21:19:28.307346,87.9,47.49,2.21,31.45
2026-06-27 21:19:31.306338,88.3,47.7,0.38,34.16
2026-06-27 21:19:34.300526,95.0,51.28,5.19,40.73
2026-06-27 21:19:37.295547,96.2,51.97,16.71,41.89
2026-06-27 21:19:40.305393,94.8,51.18,12.02,42.12
2026-06-27 21:19:43.306115,91.4,49.35,4.46,47.87
2026-06-27 21:19:46.309332,85.2,46.01,18.93,31.75
2026-06-27 21:19:46.311628,81.6,44.08,3.69,36.4
2026-06-27 21:19:47.307744,94.1,50.8,9.55,29.89
2026-06-27 21:19:49.307607,96.6,52.16,8.79,46.51
2026-06-27 21:19:50.306356,89.2,48.17,6.47,40.82
2026-06-27 21:19:52.307845,87.8,47.42,17.87,45.76
2026-06-27 21:19:53.308799,93.0,50.24,6.29,46.06
2026-06-27 21:19:55.307108,87.4,47.21,13.94,37.32
2026-06-27 21:19:56.307569,91.0,49.13,1.49,39.76
2026-06-27 21:19:58.308412,78.5,42.39,11.61,35.29
2026-06-27 21:19:59.308073,90.0,48.59,13.69,42.72
2026-06-27 21:20:01.306869,95.9,51.77,16.77,27.55
2026-06-27 21:20:02.307763,82.9,44.76,15.58,25.64
2026-06-27 21:20:04.307550,78.2,42.25,18.36,43.21
2026-06-27 21:20:05.309326,78.8,42.55,14.93,31.84
2026-06-27 21:20:07.307367,97.1,52.41,17.86,25.03
2026-06-27 21:20:08.293124,86.4,46.63,16.64,26.05
2026-06-27 21:20:10.308079,89.6,48.37,13.82,42.05
2026-06-27 21:20:11.307824,92.5,49.95,6.51,29.32
2026-06-27 21:20:13.293746,96.3,51.99,19.37,35.62
2026-06-27 21:20:14.309809,95.7,51.68,11.96,47.69
2026-06-27 21:20:16.306191,92.3,49.84,16.23,43.76
2026-06-27 21:20:17.308236,98.1,52.96,17.37,48.46
2026-06-27 21:20:19.307066,97.1,52.41,19.84,46.8
2026-06-27 21:20:20.306684,80.7,43.6,10.74,26.36
2026-06-27 21:20:22.307605,87.7,47.34,15.34,49.7
2026-06-27 21:20:23.307961,99.5,53.72,8.9,41.46
2026-06-27 21:20:25.309919,79.4,42.88,6.86,42.35
2026-06-27 21:20:26.307304,81.6,44.07,4.81,32.92
2026-06-27 21:20:28.293779,94.3,50.91,13.34,47.9
2026-06-27 21:20:29.307388,93.4,50.44,12.06,48.94
2026-06-27 21:20:31.308630,86.5,46.72,8.7,48.87
2026-06-27 21:20:32.308386,96.9,52.3,17.42,33.53
2026-06-27 21:20:34.308700,99.8,53.91,16.37,41.86
2026-06-27 21:20:35.307127,98.8,53.34,0.3,37.41
2026-06-27 21:20:37.308886,89.7,48.44,4.68,37.39
2026-06-27 21:20:38.309143,92.9,50.15,2.85,37.82
2026-06-27 21:20:40.308301,88.0,47.52,2.55,41.48
2026-06-27 21:20:41.306028,85.9,46.38,11.75,41.45
2026-06-27 21:20:43.309789,85.1,45.96,9.13,30.17
2026-06-27 21:20:44.313922,88.0,47.5,3.85,48.01
2026-06-27 21:20:46.309475,83.7,45.18,19.21,44.53
2026-06-27 21:20:47.309495,90.7,48.98,19.75,42.6
2026-06-27 21:20:49.310710,84.6,45.7,16.28,38.94
2026-06-27 21:20:50.251918,78.5,42.4,15.08,34.21
2026-06-27 21:20:52.308518,85.9,46.38,10.24,31.09
2026-06-27 21:20:53.243314,94.5,51.03,19.23,35.78
2026-06-27 21:20:55.296254,81.4,43.98,18.42,38.05
2026-06-27 21:20:56.243380,94.2,50.85,10.05,49.42
2026-06-27 21:20:58.310243,83.4,45.02,15.14,31.89
2026-06-27 21:20:59.246901,88.8,47.94,7.95,27.88
2026-06-27 21:21:01.305818,97.2,52.47,9.52,35.76
2026-06-27 21:21:02.251089,78.7,42.49,0.14,34.85
2026-06-27 21:21:04.303256,87.1,47.03,16.6,47.14
2026-06-27 21:21:05.294498,84.5,45.63,13.27,38.36
2026-06-27 21:21:07.141195,87.0,46.98,16.58,38.73
2026-06-27 21:21:08.293688,86.1,46.52,17.8,39.18
2026-06-27 21:21:11.310782,94.1,50.8,17.05,43.24
2026-06-27 21:21:14.310084,81.5,44.03,11.72,27.45
2026-06-27 21:21:17.310943,87.7,47.38,18.28,27.45
2026-06-27 21:21:20.310353,90.9,49.07,4.96,42.48
2026-06-27 21:21:23.294174,90.9,49.08,15.82,25.33
2026-06-27 21:21:26.293506,97.0,52.39,5.65,37.87
2026-06-27 21:21:29.310221,85.0,45.89,1.53,45.29
2026-06-27 21:21:32.307296,92.7,50.07,9.35,44.42
2026-06-27 21:21:35.294554,97.7,52.78,1.83,28.61
2026-06-27 21:21:38.311481,85.0,45.9,14.91,41.56
2026-06-27 21:21:41.299762,81.0,43.76,1.96,31.92
2026-06-27 21:21:44.294797,80.1,43.26,17.78,44.54
2026-06-27 21:21:47.295471,83.0,44.8,3.13,25.81
2026-06-27 21:21:50.310759,94.7,51.15,11.9,27.78
2026-06-27 21:21:53.294997,83.3,44.97,10.27,32.11
2026-06-27 21:21:56.312065,84.9,45.83,4.31,34.87
2026-06-27 21:21:59.311780,99.8,53.87,9.1,36.06
2026-06-27 21:22:02.295531,82.0,44.3,14.06,49.37
2026-06-27 21:22:05.320910,90.0,48.58,3.41,42.67
2026-06-27 21:22:08.304599,84.9,45.84,18.45,49.2
2026-06-27 21:22:46.300634,79.2,42.75,5.54,38.27
2026-06-27 21:22:47.298627,92.0,49.67,19.91,37.88
2026-06-27 21:22:50.296550,82.4,44.5,6.41,30.99
2026-06-27 21:22:53.298153,99.0,53.44,0.91,28.35
2026-06-27 21:22:56.306036,99.7,53.84,2.54,34.6
2026-06-27 21:22:59.296392,97.6,52.71,3.9,26.02
2026-06-27 21:23:02.297032,95.0,51.31,13.68,37.91
2026-06-27 21:23:05.311848,89.3,48.23,12.03,29.86
2026-06-27 21:23:08.298064,82.8,44.73,15.15,46.31
2026-06-27 21:23:11.298208,87.2,47.07,18.75,36.98
2026-06-27 21:23:14.297453,84.1,45.39,19.71,49.26
2026-06-27 21:23:17.298240,91.6,49.46,19.26,33.21
2026-06-27 21:23:20.297403,84.1,45.39,9.25,36.89
2026-06-27 21:23:23.307333,96.1,51.87,17.2,39.39
2026-06-27 21:23:26.299213,96.3,52.02,15.98,41.98
2026-06-27 21:23:29.296944,81.4,43.93,6.52,42.97
2026-06-27 21:23:32.298387,81.2,43.86,19.7,47.79
2026-06-27 21:23:35.297902,91.4,49.34,18.39,33.99
2026-06-27 21:23:38.298534,83.7,45.19,16.63,30.12
2026-06-27 21:23:41.298307,82.2,44.39,17.12,48.49
2026-06-27 21:23:44.296914,84.3,45.52,8.15,47.45
2026-06-27 21:23:47.300056,78.1,42.17,1.81,44.08
2026-06-27 21:23:50.297776,88.7,47.91,10.62,32.76
2026-06-27 21:23:53.300441,99.7,53.83,4.6,41.56
2026-06-27 21:23:56.295595,93.4,50.44,12.75,41.45
2026-06-27 21:23:59.298303,78.1,42.2,3.79,43.31
2026-06-27 21:24:02.300666,86.1,46.51,13.48,28.9
2026-06-27 21:24:05.298294,81.6,44.09,11.05,28.22
2026-06-27 21:24:08.298290,93.3,50.38,1.42,25.67
2026-06-27 21:24:11.299642,94.4,50.95,19.5,35.48
2026-06-27 21:24:14.297945,79.9,43.15,15.95,48.06
2026-06-27 21:24:17.297178,79.7,43.06,11.31,33.01
2026-06-27 21:24:20.298378,80.6,43.51,1.92,42.23
2026-06-27 21:24:23.301086,99.4,53.67,18.47,39.54
2026-06-27 21:24:26.300149,98.9,53.38,2.55,29.48
2026-06-27 21:24:29.297935,96.6,52.16,14.3,48.24
2026-06-27 21:24:32.299982,95.6,51.64,14.8,32.64
2026-06-27 21:24:35.300300,93.9,50.71,18.22,38.19
2026-06-27 21:24:38.300265,92.0,49.68,14.14,26.55
2026-06-27 21:24:41.300568,86.3,46.59,0.75,40.85
2026-06-27 21:24:44.302355,99.3,53.61,3.97,27.7
2026-06-27 21:24:47.298517,86.1,46.5,6.52,37.05
2026-06-27 21:24:50.299753,83.9,45.3,19.31,33.22
2026-06-27 21:24:53.300938,95.2,51.42,10.31,40.41
2026-06-27 21:24:56.300666,97.6,52.71,11.61,30.53
2026-06-27 21:24:59.301442,86.9,46.91,6.49,43.86
2026-06-27 21:25:02.299754,96.6,52.14,16.36,39.95
2026-06-27 21:25:05.300695,95.3,51.44,19.25,43.97
2026-06-27 21:25:08.300838,98.3,53.09,5.95,40.85
2026-06-27 21:25:11.300279,86.8,46.86,3.42,40.33
2026-06-27 21:25:14.300687,83.3,44.96,1.03,46.46
2026-06-27 21:25:17.306377,87.6,47.3,9.82,45.44
2026-06-27 21:25:20.298976,97.5,52.63,12.43,35.78
2026-06-27 21:25:23.253255,81.9,44.24,5.79,38.76
2026-06-27 21:25:26.250722,99.7,53.84,15.89,48.18
2026-06-27 21:25:29.246521,83.3,44.96,4.21,27.56
2026-06-27 21:25:32.301768,99.4,53.65,1.06,38.93
2026-06-27 21:25:35.258655,81.4,43.94,9.36,38.86
2026-06-27 21:25:38.243036,83.5,45.1,6.2,29.13
2026-06-27 21:25:41.242986,78.7,42.51,13.33,42.08
2026-06-27 21:25:44.304224,85.6,46.21,1.33,40.74
2026-06-27 21:25:47.302679,87.1,47.03,10.09,38.5
2026-06-27 21:25:50.302825,95.4,51.54,1.97,31.47
2026-06-27 21:25:53.302139,81.6,44.06,15.55,37.69
2026-06-27 21:25:56.301299,95.8,51.74,15.78,34.03
2026-06-27 21:25:59.302391,81.0,43.72,2.35,35.94
2026-06-27 21:26:02.301512,86.3,46.62,0.52,45.22
2026-06-27 21:26:05.303350,83.5,45.11,17.33,33.96
2026-06-27 21:26:08.306070,84.2,45.49,16.14,28.22
2026-06-27 21:26:11.302128,83.4,45.06,10.79,29.12
2026-06-27 21:26:14.303955,85.3,46.06,4.6,27.99
2026-06-27 21:26:17.306024,77.9,42.06,11.51,49.95
2026-06-27 21:26:20.302268,95.9,51.8,15.73,34.71
2026-06-27 21:26:23.302382,87.3,47.12,0.36,48.99
2026-06-27 21:26:26.303031,96.9,52.32,0.68,43.02
2026-06-27 21:26:29.301540,87.4,47.2,3.98,29.2
2026-06-27 21:26:32.304701,88.8,47.93,3.23,45.84
2026-06-27 21:26:35.302345,89.6,48.39,17.4,44.14
2026-06-27 21:26:38.302372,93.8,50.66,7.49,28.39
2026-06-27 21:26:41.302993,99.5,53.75,7.59,47.98
2026-06-27 21:26:46.310777,86.4,46.68,19.44,30.45
2026-06-27 21:26:47.304659,91.0,49.15,12.27,33.84
2026-06-27 21:26:50.304796,80.6,43.51,17.47,44.1
2026-06-27 21:26:53.304328,90.4,48.81,0.02,45.05
2026-06-27 21:26:56.296386,79.2,42.75,17.57,34.76
2026-06-27 21:26:59.243681,93.9,50.72,16.9,25.52
2026-06-27 21:27:02.253130,93.5,50.48,0.99,43.59
2026-06-27 21:27:05.245686,94.9,51.27,1.89,45.99
2026-06-27 21:27:08.304780,87.6,47.3,13.78,43.91
2026-06-27 21:27:11.305799,95.1,51.37,5.95,25.06
2026-06-27 21:27:14.304271,88.8,47.95,17.03,37.46
2026-06-27 21:27:17.306247,80.3,43.36,14.39,44.09
2026-06-27 21:27:20.293999,91.3,49.28,11.67,29.35
2026-06-27 21:27:23.305286,90.7,48.97,4.28,41.52
2026-06-27 21:27:26.306298,84.1,45.4,12.85,46.79
2026-06-27 21:27:29.306374,92.1,49.72,11.21,42.17
2026-06-27 21:27:32.306774,85.3,46.07,4.05,33.04
2026-06-27 21:27:35.306263,85.8,46.34,4.42,46.1
2026-06-27 21:27:38.306734,81.9,44.23,14.37,36.07
2026-06-27 21:27:41.307310,88.8,47.96,19.47,46.93
2026-06-27 21:27:44.307389,95.8,51.74,9.77,42.88
2026-06-27 21:27:47.304459,85.2,46.02,7.69,32.61
2026-06-27 21:27:50.304763,97.7,52.76,18.84,47.71
2026-06-27 21:27:53.305098,83.5,45.08,19.87,31.24
2026-06-27 21:27:56.304593,85.0,45.89,2.4,39.33
2026-06-27 21:27:59.304511,89.4,48.3,15.56,30.78
2026-06-27 21:28:02.305167,78.3,42.27,13.79,26.76
2026-06-27 21:28:05.306026,87.1,47.01,15.82,30.41
2026-06-27 21:28:23.172228,99.0,53.45,6.01,31.85
2026-06-27 21:28:26.243893,95.4,51.49,17.2,31.9
2026-06-27 21:28:29.255317,86.1,46.51,2.22,40.09
2026-06-27 21:28:32.244324,96.9,52.3,4.5,32.61
2026-06-27 21:28:35.251546,83.0,44.83,1.09,44.19
2026-06-27 21:28:38.248657,83.8,45.25,5.77,30.34
2026-06-27 21:28:41.248740,87.4,47.2,4.35,40.35
2026-06-27 21:28:44.306563,99.8,53.9,13.95,35.2
2026-06-27 21:28:47.307459,78.0,42.13,14.46,35.89
2026-06-27 21:28:50.306970,97.1,52.43,19.8,39.18
2026-06-27 21:28:53.307962,82.1,44.33,19.81,34.88
2026-06-27 21:28:56.308364,91.7,49.51,2.36,30.89
2026-06-27 21:28:59.308153,99.0,53.46,10.36,37.67
2026-06-27 21:29:02.307804,78.2,42.22,13.65,45.11
2026-06-27 21:29:05.293171,85.0,45.89,0.14,38.04
2026-06-27 21:29:08.310224,80.3,43.38,8.62,39.54
2026-06-27 21:29:11.303160,92.8,50.11,4.92,40.62
2026-06-27 21:29:14.294802,93.0,50.2,9.58,43.64
2026-06-27 21:29:17.307061,84.0,45.35,17.78,48.19
2026-06-27 21:29:20.304856,92.2,49.81,16.31,45.25
2026-06-27 21:29:23.305160,94.1,50.83,1.87,48.82
2026-06-27 21:29:26.307046,77.9,42.07,15.03,43.31
2026-06-27 21:29:29.306602,88.4,47.71,11.71,31.26
2026-06-27 21:29:32.309761,88.8,47.94,19.81,44.51
2026-06-27 21:29:35.305288,84.9,45.85,1.66,38.78
2026-06-27 21:29:38.307389,77.8,42.0,12.02,48.37
2026-06-27 21:29:41.309024,83.3,45.0,12.95,38.03
2026-06-27 21:29:46.307876,92.3,49.82,5.56,39.24
2026-06-27 21:29:47.295694,97.2,52.5,8.98,26.61
2026-06-27 21:29:50.307175,79.3,42.83,7.66,37.43
2026-06-27 21:29:53.300161,84.0,45.34,16.67,26.31
2026-06-27 21:29:56.306577,93.3,50.38,1.94,49.46
2026-06-27 21:29:59.310422,91.7,49.53,18.28,31.49
2026-06-27 21:30:02.302840,87.1,47.02,3.18,39.03
2026-06-27 21:30:05.309432,99.9,53.93,10.93,27.14
2026-06-27 21:30:08.296985,84.5,45.63,3.34,28.82
2026-06-27 21:30:11.309723,83.2,44.92,7.39,43.16
2026-06-27 21:30:14.311545,86.1,46.5,7.03,27.08
2026-06-27 21:30:17.310377,98.2,53.03,15.3,32.63
2026-06-27 21:30:20.311274,97.3,52.55,1.83,38.0
2026-06-27 21:30:23.311048,86.3,46.59,15.38,34.84
2026-06-27 21:30:26.302312,81.6,44.05,10.8,34.57
2026-06-27 21:30:29.313589,78.7,42.5,3.04,31.89
2026-06-27 21:30:32.300083,89.6,48.41,6.44,39.74
2026-06-27 21:30:35.309188,92.4,49.88,19.79,48.65
2026-06-27 21:30:38.298994,95.6,51.65,18.35,34.16
2026-06-27 21:30:41.317871,95.6,51.6,12.35,49.55
2026-06-27 21:30:44.274006,78.2,42.25,7.68,25.44
2026-06-27 21:30:47.261305,95.8,51.74,10.59,27.26
2026-06-27 21:30:50.311482,88.3,47.66,11.0,37.38
2026-06-27 21:30:53.299085,85.7,46.29,8.94,47.68
2026-06-27 21:30:56.300918,95.5,51.59,18.63,33.57
2026-06-27 21:30:59.294148,100.0,53.99,14.63,36.68
2026-06-27 21:31:02.303582,79.5,42.93,10.99,34.54
2026-06-27 21:31:05.311073,86.6,46.74,19.83,39.95
2026-06-27 21:31:08.299488,88.9,48.0,5.83,48.62
2026-06-27 21:31:11.308056,84.3,45.54,16.29,43.3
2026-06-27 21:31:14.296530,79.9,43.13,4.93,34.03
2026-06-27 21:31:17.311313,88.8,47.97,12.01,29.07
2026-06-27 21:31:20.296400,82.9,44.78,17.03,33.54
2026-06-27 21:31:23.297410,89.8,48.51,6.86,29.96
2026-06-27 21:31:26.299060,98.0,52.9,15.83,32.97
2026-06-27 21:31:29.295953,91.0,49.13,17.17,28.0
2026-06-27 21:31:32.323987,99.8,53.89,3.35,49.6
2026-06-27 21:31:35.246927,83.5,45.11,12.1,29.92
2026-06-27 21:31:38.259335,83.7,45.2,10.67,41.96
2026-06-27 21:31:41.249783,94.1,50.83,12.46,42.95
2026-06-27 21:31:44.243461,85.3,46.08,12.6,33.12
2026-06-27 21:31:47.244698,92.4,49.89,15.95,25.3
2026-06-27 21:31:50.254407,83.4,45.03,17.64,31.63
2026-06-27 21:31:53.252956,92.2,49.77,19.41,36.84
2026-06-27 21:31:56.255855,98.2,53.04,4.29,28.97
2026-06-27 21:31:59.246685,80.2,43.31,9.23,42.06
2026-06-27 21:32:02.244412,83.3,44.96,0.54,45.39
2026-06-27 21:32:05.250462,83.2,44.93,11.96,33.35
2026-06-27 21:32:08.253444,91.2,49.26,17.19,43.94
2026-06-27 21:32:11.258510,88.9,47.98,12.87,45.86
2026-06-27 21:32:14.256458,78.4,42.31,5.75,44.57
2026-06-27 21:32:17.243907,88.1,47.59,9.5,32.81
2026-06-27 21:32:20.249042,95.3,51.45,16.51,34.53
2026-06-27 21:32:23.248259,90.6,48.9,12.65,31.52
2026-06-27 21:32:26.247743,79.9,43.13,12.64,38.74
2026-06-27 21:32:29.256251,82.1,44.34,14.5,26.76
2026-06-27 21:32:32.249014,96.6,52.18,7.7,32.85
2026-06-27 21:32:35.265041,89.1,48.11,6.89,33.15
2026-06-27 21:32:38.254158,96.7,52.2,19.38,41.27
2026-06-27 21:32:41.247097,82.5,44.56,5.42,38.53
2026-06-27 21:32:44.249033,91.1,49.18,15.71,33.13
2026-06-27 21:32:47.256840,86.9,46.92,8.6,38.24
2026-06-27 21:32:50.250004,94.6,51.08,15.64,39.36
2026-06-27 21:32:53.244679,95.9,51.77,15.76,46.9
2026-06-27 21:32:56.245694,77.9,42.06,18.13,29.23
2026-06-27 21:32:59.258113,94.6,51.1,19.28,42.74
2026-06-27 21:33:02.248698,79.4,42.87,4.21,44.09
2026-06-27 21:33:05.252485,88.8,47.96,6.68,32.62
2026-06-27 21:33:08.313533,81.6,44.09,8.93,25.73
2026-06-27 21:33:11.297571,94.0,50.75,4.57,27.47
2026-06-27 21:33:14.298839,79.0,42.67,12.9,47.11
2026-06-27 21:33:17.300122,78.8,42.55,6.85,49.43
2026-06-27 21:33:20.297068,80.5,43.45,19.71,42.37
2026-06-27 21:33:23.299434,98.3,53.07,18.17,31.77
2026-06-27 21:33:26.355766,92.8,50.13,12.76,36.57
2026-06-27 21:33:29.342004,81.2,43.84,12.99,29.76
2026-06-27 21:33:32.297080,83.8,45.27,7.73,35.18
2026-06-27 21:33:35.300736,95.2,51.4,0.04,49.04
2026-06-27 21:33:38.300578,83.8,45.25,16.87,27.35
2026-06-27 21:33:41.297121,92.2,49.79,8.22,36.49
2026-06-27 21:33:44.301375,88.6,47.82,9.81,41.05
2026-06-27 21:33:47.314140,86.9,46.93,0.53,34.25
2026-06-27 21:33:50.309356,98.2,53.05,16.31,32.95
2026-06-27 21:33:53.296071,83.6,45.15,19.17,43.86
2026-06-27 21:33:56.304491,98.8,53.37,19.47,41.93
2026-06-27 21:33:59.301491,86.3,46.61,15.4,44.13
2026-06-27 21:34:02.299546,95.7,51.68,6.91,46.79
2026-06-27 21:34:05.300630,85.8,46.31,18.16,43.12
2026-06-27 21:34:46.551296,94.4,50.98,13.94,45.55
2026-06-27 21:34:47.997122,89.3,48.22,11.92,45.45
2026-06-27 21:34:50.306414,97.9,52.88,15.18,37.37
2026-06-27 21:34:53.306995,99.4,53.67,4.89,35.63
2026-06-27 21:34:56.301207,79.0,42.65,15.0,31.69
2026-06-27 21:34:59.299334,83.7,45.19,2.18,45.28
2026-06-27 21:35:02.295161,94.1,50.79,3.41,41.26
2026-06-27 21:35:05.304508,86.6,46.75,0.05,49.37
2026-06-27 21:35:08.303386,85.2,46.0,5.21,43.0
2026-06-27 21:35:11.302660,81.1,43.8,10.47,45.78
2026-06-27 21:35:14.301340,89.6,48.39,18.1,46.13
2026-06-27 21:35:17.305376,78.1,42.2,15.53,49.2
2026-06-27 21:35:20.296234,81.0,43.74,7.01,48.78
2026-06-27 21:35:23.299444,98.5,53.18,14.32,26.98
2026-06-27 21:35:26.311150,81.4,43.98,8.46,33.12
2026-06-27 21:35:29.304826,96.4,52.04,5.41,49.2
2026-06-27 21:35:32.295473,99.2,53.55,16.9,27.83
2026-06-27 21:35:35.300393,79.2,42.79,12.03,32.01
2026-06-27 21:35:38.305950,96.0,51.84,9.66,43.36
2026-06-27 21:35:41.305137,90.4,48.83,14.3,25.28
2026-06-27 21:35:44.304626,83.6,45.14,18.63,38.8
2026-06-27 21:35:47.307859,83.8,45.24,13.67,44.6
2026-06-27 21:35:50.302472,98.4,53.13,7.82,39.32
2026-06-27 21:35:53.300938,86.1,46.49,16.71,45.36
2026-06-27 21:35:56.304621,92.6,50.03,17.84,36.47
2026-06-27 21:35:59.300536,88.0,47.5,12.3,49.33
2026-06-27 21:36:02.303304,86.3,46.62,8.38,48.99
2026-06-27 21:36:05.302913,80.4,43.39,10.98,26.04
2026-06-27 21:36:08.304456,99.2,53.58,1.83,35.32
2026-06-27 21:36:11.299627,97.5,52.67,8.86,37.13
2026-06-27 21:36:14.302801,87.8,47.41,8.88,43.61
2026-06-27 21:36:17.305079,88.1,47.58,12.79,27.5
2026-06-27 21:36:20.304284,80.5,43.48,4.98,37.89
2026-06-27 21:36:23.305411,86.5,46.72,2.16,46.74
2026-06-27 21:36:26.297917,97.5,52.67,1.97,29.91
2026-06-27 21:36:29.341185,92.5,49.93,13.65,33.61
2026-06-27 21:36:32.306821,93.1,50.25,6.81,48.4
2026-06-27 21:36:35.308862,83.6,45.16,13.52,32.84
2026-06-27 21:36:38.309354,97.7,52.76,14.35,29.17
2026-06-27 21:36:41.306443,82.7,44.65,4.27,42.62
2026-06-27 21:36:44.308461,88.3,47.66,4.02,29.74
2026-06-27 21:36:47.301340,96.4,52.04,13.64,48.42
2026-06-27 21:36:50.307917,85.8,46.35,8.66,32.39
2026-06-27 21:36:53.303155,85.5,46.19,0.81,35.04
2026-06-27 21:36:56.308501,82.6,44.63,12.66,28.56
2026-06-27 21:36:59.308841,93.8,50.67,12.79,29.36
2026-06-27 21:37:02.310919,90.5,48.87,7.52,46.91
2026-06-27 21:37:05.308657,96.3,52.02,2.05,46.55
2026-06-27 21:37:08.318779,92.8,50.1,5.12,49.13
2026-06-27 21:37:11.312237,86.4,46.66,12.59,48.3
2026-06-27 21:37:14.303372,80.3,43.35,5.99,44.72
2026-06-27 21:37:17.307289,78.6,42.44,3.56,38.02
2026-06-27 21:37:20.308151,90.8,49.03,19.87,35.89
2026-06-27 21:37:23.310862,95.5,51.59,3.56,33.5
2026-06-27 21:37:26.321079,97.4,52.61,12.05,25.7
2026-06-27 21:37:29.306106,92.7,50.08,11.96,30.85
2026-06-27 21:37:32.307809,88.5,47.77,0.66,29.37
2026-06-27 21:37:35.304866,88.6,47.86,18.5,48.51
2026-06-27 21:37:38.308812,79.9,43.14,12.07,45.84
2026-06-27 21:37:41.302603,95.2,51.43,5.44,48.33
2026-06-27 21:37:44.309266,81.0,43.74,0.77,36.11
2026-06-27 21:37:47.308151,80.5,43.47,17.14,30.59
2026-06-27 21:37:50.306961,91.2,49.24,12.17,42.06
2026-06-27 21:37:53.310717,99.4,53.69,10.21,28.48
2026-06-27 21:37:56.317255,89.0,48.05,10.2,37.46
2026-06-27 21:37:59.424576,93.9,50.73,11.46,37.54
2026-06-27 21:38:05.927198,99.5,53.75,5.52,37.87
2026-06-27 21:38:08.298895,92.1,49.73,3.8,47.52
2026-06-27 21:38:11.301654,81.7,44.1,3.49,33.94
2026-06-27 21:38:14.350423,96.6,52.18,2.39,38.04
2026-06-27 21:38:17.303184,87.2,47.08,11.6,40.26
2026-06-27 21:38:20.309231,93.5,50.47,17.13,29.55
2026-06-27 21:38:23.345194,82.1,44.36,17.61,26.23
2026-06-27 21:38:26.308735,92.9,50.17,10.64,48.91
2026-06-27 21:38:29.304891,86.1,46.52,15.16,32.02
2026-06-27 21:38:32.309678,78.0,42.12,9.73,46.27
2026-06-27 21:38:35.310711,97.2,52.5,14.89,30.08
2026-06-27 21:38:38.342962,92.9,50.14,8.72,38.07
2026-06-27 21:38:41.311349,84.0,45.35,19.51,44.45
2026-06-27 21:38:44.314487,94.5,51.03,0.09,36.48
2026-06-27 21:38:47.314567,88.0,47.53,14.55,36.47
2026-06-27 21:38:50.314476,89.5,48.31,14.31,25.77
2026-06-27 21:38:53.345132,92.3,49.83,10.15,25.47
2026-06-27 21:38:56.362116,96.2,51.93,10.06,42.09
2026-06-27 21:38:59.311381,93.7,50.59,5.78,31.94
2026-06-27 21:39:02.296273,89.1,48.1,8.88,43.84
2026-06-27 21:39:05.296631,81.3,43.9,2.43,31.14
2026-06-27 21:39:08.302686,93.9,50.72,19.03,30.85
2026-06-27 21:39:11.307254,93.3,50.4,2.54,33.93
2026-06-27 21:39:14.303709,77.9,42.09,7.18,44.74
2026-06-27 21:39:17.305556,87.6,47.29,0.07,43.63
2026-06-27 21:39:20.306059,92.6,50.01,6.07,35.17
2026-06-27 21:39:23.310136,88.6,47.84,12.59,30.14
2026-06-27 21:39:26.313532,96.2,51.94,17.75,49.17
2026-06-27 21:39:29.303747,99.7,53.84,14.73,43.15
2026-06-27 21:39:32.303481,88.2,47.61,16.27,41.93
2026-06-27 21:39:35.303065,80.4,43.4,15.18,39.91
2026-06-27 21:39:38.311300,80.9,43.67,7.53,30.28
2026-06-27 21:39:41.305162,78.5,42.41,9.81,25.24
2026-06-27 21:39:44.308499,99.5,53.72,1.87,40.44
2026-06-27 21:39:47.303443,95.2,51.43,7.22,27.56
2026-06-27 21:39:50.310875,97.7,52.77,5.81,36.09
2026-06-27 21:39:53.296790,79.6,42.99,14.44,42.14
2026-06-27 21:39:56.310914,80.4,43.44,1.64,25.59
2026-06-27 21:39:59.309173,87.5,47.25,9.69,41.28
2026-06-27 21:40:02.310757,92.1,49.72,5.25,43.6
2026-06-27 21:40:05.301620,95.1,51.37,4.85,47.38
2026-06-27 21:40:08.311069,91.1,49.21,18.06,32.75
2026-06-27 21:40:11.312199,89.8,48.51,16.19,30.95
2026-06-27 21:40:14.305601,86.4,46.63,15.12,47.87
2026-06-27 21:40:17.305821,99.1,53.49,19.4,45.86
2026-06-27 21:40:20.302433,84.1,45.42,12.45,49.54
2026-06-27 21:40:23.310014,81.5,44.02,3.81,46.4
2026-06-27 21:40:26.316998,86.9,46.91,18.97,36.05
2026-06-27 21:40:29.297218,86.6,46.74,17.16,33.54
2026-06-27 21:40:32.308563,86.0,46.46,4.2,31.85
2026-06-27 21:40:35.299077,98.6,53.23,19.73,27.33
2026-06-27 21:40:38.312478,81.6,44.04,1.87,30.76
2026-06-27 21:40:41.298916,88.5,47.79,1.25,25.99
2026-06-27 21:40:44.310724,89.2,48.18,5.11,33.82
2026-06-27 21:40:47.312432,89.0,48.07,4.72,38.06
2026-06-27 21:40:50.313205,93.0,50.21,10.38,49.47
2026-06-27 21:40:53.302354,91.9,49.62,9.16,28.53
2026-06-27 21:40:56.305788,90.0,48.61,1.31,47.35
2026-06-27 21:40:59.312713,82.0,44.27,16.27,44.54
2026-06-27 21:41:02.298509,78.6,42.44,4.39,42.87
2026-06-27 21:41:05.309919,82.2,44.38,17.17,27.57
2026-06-27 21:41:08.298258,82.6,44.59,19.46,25.37
2026-06-27 21:41:11.298701,91.9,49.6,19.41,45.35
2026-06-27 21:41:14.309202,91.4,49.33,5.79,25.39
2026-06-27 21:41:17.296402,83.3,44.96,19.54,43.59
2026-06-27 21:41:20.298951,82.0,44.26,7.16,30.9
2026-06-27 21:41:23.305687,85.8,46.32,3.84,40.03
2026-06-27 21:41:26.300541,84.8,45.8,12.05,27.0
2026-06-27 21:41:29.314516,96.3,52.0,17.2,39.57
2026-06-27 21:41:32.300299,92.0,49.69,6.16,34.75
2026-06-27 21:41:35.313216,88.0,47.5,4.18,27.85
2026-06-27 21:41:38.302767,98.6,53.24,4.27,37.23
2026-06-27 21:41:41.312360,85.2,46.03,3.67,39.67
2026-06-27 21:41:44.325981,97.4,52.58,19.05,34.99
2026-06-27 21:41:47.299640,85.1,45.93,0.42,45.01
2026-06-27 21:41:50.301361,94.3,50.91,15.61,39.69
2026-06-27 21:41:53.312578,83.1,44.88,18.75,29.27
2026-06-27 21:41:56.299185,89.0,48.06,9.64,34.04
2026-06-27 21:41:59.312077,84.6,45.66,5.71,31.09
2026-06-27 21:42:02.299999,88.4,47.72,11.59,30.08
2026-06-27 21:42:05.301111,79.2,42.75,17.74,43.12
2026-06-27 21:42:08.299910,88.9,48.01,8.77,33.41
2026-06-27 21:42:11.299895,97.5,52.67,13.1,38.8
2026-06-27 21:42:14.308470,86.6,46.79,14.39,27.12
2026-06-27 21:42:17.298939,98.5,53.17,13.21,30.53
2026-06-27 21:42:20.303488,78.0,42.11,3.01,43.09
2026-06-27 21:42:23.309707,88.2,47.61,8.5,35.54
2026-06-27 21:42:26.311192,79.6,43.01,4.01,36.52
2026-06-27 21:42:29.309362,86.8,46.89,0.24,27.61
2026-06-27 21:42:32.306258,97.0,52.38,6.15,31.48
2026-06-27 21:42:35.298969,86.4,46.67,15.72,37.68
2026-06-27 21:42:38.298689,81.4,43.98,2.09,30.61
2026-06-27 21:42:41.296590,90.0,48.6,17.96,25.25
2026-06-27 21:42:44.304943,81.8,44.17,2.57,49.15
2026-06-27 21:42:47.309974,78.4,42.31,19.05,30.07
2026-06-27 21:42:50.303403,85.7,46.3,5.05,36.06
2026-06-27 21:42:53.301604,82.0,44.3,15.22,39.99
2026-06-27 21:42:56.302716,85.0,45.9,15.56,38.76
2026-06-27 21:42:59.299255,99.5,53.75,15.61,31.72
2026-06-27 21:43:02.304942,83.0,44.82,12.42,33.23
2026-06-27 21:43:05.302598,95.3,51.44,2.45,31.78
2026-06-27 21:43:08.301252,90.7,48.99,5.09,37.39
2026-06-27 21:43:11.299139,96.0,51.82,7.5,48.05
2026-06-27 21:43:14.302400,93.6,50.56,1.5,35.65
2026-06-27 21:43:17.303241,99.1,53.49,5.4,45.91
2026-06-27 21:43:20.300900,92.9,50.19,0.14,39.62
2026-06-27 21:43:23.300390,93.0,50.22,7.38,38.87
2026-06-27 21:43:26.299641,82.9,44.77,18.98,35.07
2026-06-27 21:43:29.303572,84.0,45.36,11.12,28.11
2026-06-27 21:43:32.297936,86.7,46.83,5.41,34.11
2026-06-27 21:43:35.304275,83.0,44.83,6.76,46.51
2026-06-27 21:43:38.301556,79.2,42.77,13.83,30.46
2026-06-27 21:43:41.309717,78.2,42.22,3.51,37.56
2026-06-27 21:43:44.306959,87.7,47.34,1.69,28.67
2026-06-27 21:43:47.308643,80.3,43.37,7.28,32.37
2026-06-27 21:43:50.299855,99.5,53.72,2.81,31.85
2026-06-27 21:43:53.302431,98.9,53.39,8.52,34.61
2026-06-27 21:43:56.314140,90.3,48.74,3.39,33.17
2026-06-27 21:43:59.298938,78.9,42.6,17.75,41.73
2026-06-27 21:44:02.339743,97.3,52.52,7.86,27.79
2026-06-27 21:44:05.326044,93.5,50.48,19.05,40.76
2026-06-27 21:44:08.303426,96.8,52.25,7.16,46.22
2026-06-27 21:44:11.359456,83.2,44.91,16.25,43.02
2026-06-27 21:44:14.304593,94.3,50.92,10.45,37.16
2026-06-27 21:44:17.373668,78.8,42.57,2.52,31.46
2026-06-27 21:44:20.311171,93.9,50.69,2.65,34.5
2026-06-27 21:44:23.313533,98.1,52.99,18.24,37.34
2026-06-27 21:44:26.311250,93.7,50.6,10.83,30.13
2026-06-27 21:44:29.299077,87.1,47.04,17.85,40.03
2026-06-27 21:44:32.306112,98.3,53.09,14.23,49.71
2026-06-27 21:44:35.308409,97.2,52.5,18.6,41.07
2026-06-27 21:44:38.316554,93.0,50.22,18.23,49.38
2026-06-27 21:44:41.298413,96.5,52.1,11.94,40.43
2026-06-27 21:44:44.307734,95.8,51.74,7.92,46.09
2026-06-27 21:44:47.305125,96.9,52.31,18.16,43.3
2026-06-27 21:44:50.308969,97.2,52.5,1.04,49.06
2026-06-27 21:44:53.306006,93.1,50.25,1.87,29.66
2026-06-27 21:44:56.304113,93.1,50.3,19.98,40.15
2026-06-27 21:44:59.306953,96.8,52.27,5.46,44.19
2026-06-27 21:45:02.297558,93.5,50.5,0.21,35.35
2026-06-27 21:45:05.306358,90.4,48.79,5.35,44.43
2026-06-27 21:45:08.297895,95.2,51.4,1.55,28.8
2026-06-27 21:45:11.303083,94.3,50.9,7.36,34.97
2026-06-27 21:45:14.302134,96.4,52.03,5.69,42.63
2026-06-27 21:45:17.305493,81.1,43.78,15.74,47.28
2026-06-27 21:45:20.334706,94.1,50.81,4.38,26.94
2026-06-27 21:45:23.308139,93.7,50.59,12.07,35.13
2026-06-27 21:45:26.308109,89.4,48.25,16.09,29.13
2026-06-27 21:45:29.462551,95.9,51.76,1.43,49.83
2026-06-27 21:45:32.322178,83.5,45.11,19.16,27.43
2026-06-27 21:45:35.308571,88.9,48.01,17.0,42.81
2026-06-27 21:45:38.305998,80.2,43.32,9.8,34.61
2026-06-27 21:45:41.305735,89.8,48.47,2.86,47.1
2026-06-27 21:45:44.300217,81.2,43.85,11.86,31.44
2026-06-27 21:45:47.307293,80.0,43.19,12.31,48.84
2026-06-27 21:45:50.302740,93.5,50.51,17.32,27.03
2026-06-27 21:45:53.308211,84.7,45.72,9.67,46.83
2026-06-27 21:45:56.305695,85.1,45.96,3.31,49.24
2026-06-27 21:45:59.302834,92.4,49.91,0.95,28.82
2026-06-27 21:46:02.309996,80.7,43.57,13.91,44.28
2026-06-27 21:46:05.308328,91.0,49.15,10.56,25.18
2026-06-27 21:46:08.310216,87.3,47.13,10.43,48.21
2026-06-27 21:46:11.308188,87.1,47.04,18.85,40.35
2026-06-27 21:46:14.306790,92.4,49.87,18.21,29.5
2026-06-27 21:46:17.309756,87.5,47.23,6.18,29.65
2026-06-27 21:46:20.300242,98.1,52.96,3.74,47.86
2026-06-27 21:46:23.306944,96.3,52.0,14.5,49.84
2026-06-27 21:46:26.304779,88.6,47.83,5.57,29.95
2026-06-27 21:46:29.302723,88.1,47.56,12.06,45.55
2026-06-27 21:46:32.302939,80.4,43.4,2.84,29.93
2026-06-27 21:46:35.308857,96.3,51.99,10.17,47.77
2026-06-27 21:46:38.319206,87.6,47.32,10.87,45.05
2026-06-27 21:46:41.303613,98.8,53.37,10.35,42.77
2026-06-27 21:46:44.311123,84.2,45.47,1.99,32.25
2026-06-27 21:46:47.299551,95.0,51.3,17.77,44.83
2026-06-27 21:46:50.306407,92.4,49.89,3.54,49.31
2026-06-27 21:46:53.298634,94.9,51.27,8.47,49.52
2026-06-27 21:49:16.560464,78.4,42.36,17.26,36.13
2026-06-27 21:49:18.429459,86.4,46.67,11.82,31.39
2026-06-27 21:49:21.344400,86.0,46.43,4.09,31.32
2026-06-27 21:49:24.355445,85.6,46.2,19.83,35.74
2026-06-27 21:49:26.497709,78.1,42.17,6.76,26.59
2026-06-27 21:49:29.503271,95.4,51.49,19.75,28.78
2026-06-27 21:49:33.336880,81.1,43.8,16.03,27.44
2026-06-27 21:49:36.342241,97.9,52.87,14.82,44.14
2026-06-27 21:49:39.355434,97.9,52.89,3.67,44.44
2026-06-27 21:49:42.349389,96.3,52.01,12.95,37.68
2026-06-27 21:49:45.361410,83.4,45.02,5.99,49.0
2026-06-27 21:49:48.351251,93.3,50.38,6.92,47.96
2026-06-27 21:49:51.337471,98.5,53.21,18.9,33.43
2026-06-27 21:49:54.337508,89.4,48.27,11.01,46.97
2026-06-27 21:49:57.338559,89.6,48.4,3.48,32.02
2026-06-27 21:50:00.342295,88.9,48.0,14.78,49.88
2026-06-27 21:50:03.351128,88.6,47.82,0.1,35.87
2026-06-27 21:50:06.339606,96.9,52.31,15.59,38.11
2026-06-27 21:50:09.346667,97.4,52.57,14.75,33.08
2026-06-27 21:50:12.347603,78.4,42.34,6.6,30.92
2026-06-27 21:50:15.338255,84.0,45.38,12.59,30.41
2026-06-27 21:50:18.342070,92.4,49.87,14.54,38.98
2026-06-27 21:50:21.345173,97.5,52.66,8.8,41.17
2026-06-27 21:50:24.342787,82.4,44.48,3.35,49.51
2026-06-27 21:50:27.342667,96.8,52.27,18.7,36.08
2026-06-27 21:50:30.338785,87.1,47.06,5.85,41.94
2026-06-27 21:50:46.344637,91.0,49.15,4.0,37.48
2026-06-27 21:50:48.338670,78.1,42.16,17.61,44.02
2026-06-27 21:50:51.373434,92.2,49.8,10.25,39.52
2026-06-27 21:50:54.342550,90.3,48.78,6.99,27.99
2026-06-27 21:50:57.339988,98.6,53.22,1.18,32.97
2026-06-27 21:51:00.347163,95.8,51.75,8.61,43.19
2026-06-27 21:51:03.338359,84.1,45.41,12.32,26.94
2026-06-27 21:51:06.338276,86.5,46.7,15.85,26.37
2026-06-27 21:51:09.342402,88.3,47.66,3.11,40.3
2026-06-27 21:51:12.339189,83.3,44.98,0.41,36.9
2026-06-27 21:51:15.342571,97.2,52.5,16.11,36.66
2026-06-27 21:51:18.343324,80.6,43.55,15.32,39.7
2026-06-27 21:51:21.340248,85.1,45.94,15.15,32.02
2026-06-27 21:51:24.340119,86.2,46.54,11.57,34.11
2026-06-27 21:51:27.334305,77.8,42.03,14.44,26.79
2026-06-27 21:51:30.336848,86.1,46.5,5.5,38.62
2026-06-27 21:51:33.395853,91.4,49.36,14.95,41.89
2026-06-27 21:51:36.351998,86.4,46.63,17.06,34.31
2026-06-27 21:51:39.341512,85.4,46.13,2.8,43.53
2026-06-27 21:51:42.343340,85.8,46.34,4.35,40.16
2026-06-27 21:51:45.341902,100.0,53.98,17.22,38.43
2026-06-27 21:51:48.346636,93.5,50.51,2.82,46.03
2026-06-27 21:51:51.358330,92.2,49.79,18.54,42.45
2026-06-27 21:51:54.338089,80.8,43.61,2.12,26.46
2026-06-27 21:51:57.341377,94.8,51.2,6.41,34.49
2026-06-27 21:52:00.373820,93.8,50.65,14.0,39.55
2026-06-27 21:52:03.341534,84.6,45.7,7.47,37.37
2026-06-27 21:52:06.339919,82.1,44.31,7.52,34.87
2026-06-27 21:52:09.343147,99.1,53.52,4.13,33.4
2026-06-27 21:52:12.341775,89.6,48.39,5.01,35.33
2026-06-27 21:52:15.345045,90.1,48.64,8.46,25.38
2026-06-27 21:52:18.338881,94.6,51.09,6.14,41.05
2026-06-27 21:52:21.340321,92.1,49.76,10.83,29.42
2026-06-27 21:52:24.341578,97.4,52.61,11.94,41.81
2026-06-27 21:52:27.360245,97.0,52.39,7.48,33.85
2026-06-27 21:52:30.360378,91.5,49.41,0.53,39.97
2026-06-27 21:52:33.339265,95.2,51.42,4.87,27.84
2026-06-27 21:52:36.344778,88.0,47.52,7.46,35.4
2026-06-27 21:52:39.342786,80.9,43.69,17.53,38.95
2026-06-27 21:52:42.343262,87.1,47.05,12.91,26.1
2026-06-27 21:52:45.336834,83.0,44.81,1.18,32.68
2026-06-27 21:52:48.347189,88.7,47.91,0.74,42.13
2026-06-27 21:52:51.365725,91.8,49.56,7.69,27.58
2026-06-27 21:52:54.340660,94.2,50.85,4.81,28.75
2026-06-27 21:52:57.339845,86.0,46.44,16.21,46.33
2026-06-27 21:53:00.344040,87.3,47.13,18.41,43.14
2026-06-27 21:53:03.341049,89.7,48.44,5.31,49.41
2026-06-27 21:53:06.340531,84.0,45.38,6.32,46.17
2026-06-27 21:53:09.344788,81.9,44.22,0.94,35.9
2026-06-27 21:53:12.335832,80.2,43.31,10.28,32.68
2026-06-27 21:53:15.349179,94.4,50.99,11.12,32.52
2026-06-27 21:53:18.373837,90.4,48.84,0.51,28.37
2026-06-27 21:53:21.341996,97.7,52.75,13.69,31.09
2026-06-27 21:53:24.339448,85.8,46.31,1.41,37.52
2026-06-27 21:53:27.350909,88.6,47.82,17.27,47.72
2026-06-27 21:53:30.336367,87.2,47.09,10.67,45.5
2026-06-27 21:53:33.340259,91.7,49.52,1.63,30.55
2026-06-27 21:53:36.348958,90.4,48.83,7.28,46.19
2026-06-27 21:53:39.335919,97.8,52.8,14.96,45.44
2026-06-27 21:53:42.349718,99.1,53.49,6.06,40.69
2026-06-27 21:53:45.345956,93.2,50.35,18.78,34.59
2026-06-27 21:53:48.351748,86.1,46.49,19.9,27.28
2026-06-27 21:53:51.365002,82.1,44.32,7.86,49.17
2026-06-27 21:53:54.344630,95.1,51.33,18.46,31.24
2026-06-27 21:53:57.353385,95.5,51.58,7.98,44.11
2026-06-27 21:54:00.343585,89.3,48.24,14.11,38.85
2026-06-27 21:54:03.349821,99.9,53.94,15.7,39.93
2026-06-27 21:54:06.351598,96.6,52.18,12.89,27.4
2026-06-27 21:54:09.343038,94.5,51.01,10.98,47.66
2026-06-27 21:54:12.342996,82.2,44.41,11.19,34.24
2026-06-27 21:54:15.342979,78.2,42.21,11.49,46.11
2026-06-27 21:54:18.337357,87.9,47.45,18.51,29.45
2026-06-27 21:54:21.339776,93.0,50.2,7.19,36.83
2026-06-27 21:54:24.344320,95.0,51.29,10.17,32.77
2026-06-27 21:54:27.345254,94.1,50.82,12.02,33.23
2026-06-27 21:54:30.364451,93.2,50.35,10.37,43.67
2026-06-27 21:54:33.359023,82.2,44.39,5.74,47.65
2026-06-27 21:54:36.345431,99.4,53.67,14.7,48.13
2026-06-27 21:54:39.344276,86.2,46.54,14.91,49.11
2026-06-27 21:54:42.343144,94.5,51.05,3.02,31.66
2026-06-27 21:54:45.345357,85.8,46.33,8.17,28.78
2026-06-27 21:54:48.345232,90.9,49.07,13.53,43.66
2026-06-27 21:54:51.340277,89.2,48.19,10.86,25.37
2026-06-27 21:54:54.341969,86.1,46.48,14.3,33.07
2026-06-27 21:54:57.338040,85.9,46.41,1.73,32.07
2026-06-27 21:55:00.340203,87.2,47.08,18.05,36.4
2026-06-27 21:55:03.345795,88.4,47.76,16.37,30.65
2026-06-27 21:55:06.338853,92.0,49.7,10.69,45.68
2026-06-27 21:55:09.369656,80.5,43.46,4.81,41.42
2026-06-27 21:55:12.344821,92.9,50.16,17.93,46.99
2026-06-27 21:55:15.347413,96.5,52.1,5.1,46.21
2026-06-27 21:55:18.339603,83.2,44.94,2.5,49.1
2026-06-27 21:55:21.347081,89.7,48.44,3.78,35.14
2026-06-27 21:55:24.338551,89.0,48.07,16.85,28.63
2026-06-27 21:55:27.341014,88.5,47.79,10.64,43.82
2026-06-27 21:55:30.337814,79.7,43.02,10.79,49.31
2026-06-27 21:55:33.352821,99.9,53.94,3.48,49.97
2026-06-27 21:55:36.343695,93.5,50.51,10.34,38.16
2026-06-27 21:55:39.337117,96.2,51.95,2.07,28.37
2026-06-27 21:55:42.346136,93.9,50.72,13.5,46.36
2026-06-27 21:55:45.345871,90.0,48.62,14.03,34.02
2026-06-27 21:55:48.347645,78.7,42.52,7.41,42.22
2026-06-27 21:55:51.358827,94.2,50.87,14.0,30.68
2026-06-27 21:55:54.343610,98.3,53.07,2.61,38.7
2026-06-27 21:55:57.338469,84.6,45.69,7.5,28.39
2026-06-27 21:56:00.345558,90.6,48.91,5.03,42.49
2026-06-27 21:56:03.347632,82.6,44.62,1.63,45.77
2026-06-27 21:56:06.344957,84.8,45.81,1.47,47.48
2026-06-27 21:56:09.346867,88.0,47.54,14.71,26.35
2026-06-27 21:56:12.351141,89.9,48.53,19.89,46.12
2026-06-27 21:56:15.344517,97.2,52.5,1.39,46.33
2026-06-27 21:56:18.334988,84.9,45.82,12.82,41.66
2026-06-27 21:56:21.349758,81.2,43.87,11.28,31.41
2026-06-27 21:56:24.352322,78.2,42.25,16.78,40.54
2026-06-27 21:56:27.350713,97.4,52.59,4.43,28.4
2026-06-27 21:56:30.353296,87.5,47.24,4.19,37.49
2026-06-27 21:56:33.352109,79.8,43.08,5.48,41.51
2026-06-27 21:56:36.350006,82.1,44.35,6.12,39.18
2026-06-27 21:56:39.344108,93.6,50.53,18.05,25.56
2026-06-27 21:56:42.366433,98.1,52.99,13.22,47.65
2026-06-27 21:56:45.343979,97.4,52.58,14.6,38.25
2026-06-27 21:56:48.340733,86.5,46.72,4.64,48.56
2026-06-27 21:56:51.351875,95.4,51.5,2.12,25.2
2026-06-27 21:56:54.343486,79.8,43.08,17.21,42.77
2026-06-27 21:56:57.395334,96.3,52.01,7.59,45.05
2026-06-27 21:57:00.346388,94.4,50.98,7.07,39.83
2026-06-27 21:57:03.358302,93.7,50.59,7.42,32.62
2026-06-27 21:57:06.343399,83.6,45.16,5.39,27.42
2026-06-27 21:57:09.347344,83.9,45.3,7.48,43.03
2026-06-27 21:57:12.346740,89.1,48.11,7.63,34.43
2026-06-27 21:57:15.345863,82.5,44.56,12.02,48.94
2026-06-27 21:57:18.352593,84.4,45.56,17.24,44.81
2026-06-27 21:57:21.343958,78.7,42.5,19.45,49.69
2026-06-27 21:57:24.355917,96.9,52.33,5.99,39.61
2026-06-27 21:57:27.351095,79.8,43.11,0.53,40.84
2026-06-27 21:57:30.348372,98.4,53.15,8.61,26.52
2026-06-27 21:57:33.342167,89.6,48.37,6.11,26.97
2026-06-27 21:57:36.351424,99.6,53.77,13.95,35.67
2026-06-27 21:57:39.348132,87.1,47.03,11.62,41.44
2026-06-27 21:57:42.344652,96.5,52.11,4.8,26.83
2026-06-27 21:57:45.344637,82.6,44.63,17.54,36.75
2026-06-27 21:57:48.348917,84.2,45.49,4.36,45.5
2026-06-27 21:57:51.465388,91.3,49.28,6.78,41.44
2026-06-27 21:57:54.343405,92.7,50.06,0.38,39.4
2026-06-27 21:57:57.350048,91.2,49.23,2.81,29.25
2026-06-27 21:58:00.352628,78.7,42.49,2.59,25.86
2026-06-27 21:58:03.346652,78.3,42.29,9.53,25.12
2026-06-27 21:58:06.347193,99.3,53.63,4.45,45.48
2026-06-27 21:58:09.347908,92.3,49.82,3.99,35.76
2026-06-27 21:58:12.345616,86.0,46.45,12.91,31.19
2026-06-27 21:58:15.345777,81.9,44.21,4.92,28.04
2026-06-27 21:58:18.344707,95.5,51.57,3.88,26.07
2026-06-27 21:58:21.344517,90.1,48.68,5.07,47.56
2026-06-27 21:58:24.352397,92.1,49.72,1.75,39.55
2026-06-27 21:58:27.347959,88.6,47.83,7.27,46.16
2026-06-27 21:58:30.338241,95.0,51.3,15.73,40.92
2026-06-27 21:58:33.336882,84.6,45.67,15.18,28.62
2026-06-27 21:58:36.353023,83.4,45.05,0.7,35.06
2026-06-27 21:58:39.467705,91.7,49.51,12.82,44.26
2026-06-27 21:58:42.346647,92.6,50.02,4.81,26.68
2026-06-27 21:58:45.397371,96.9,52.33,13.7,44.65
2026-06-27 21:58:48.334257,78.3,42.27,4.34,46.96
2026-06-27 21:58:51.346101,88.0,47.53,9.56,25.42
2026-06-27 21:58:54.349426,89.1,48.13,17.22,47.42
2026-06-27 21:58:57.346222,88.1,47.55,10.53,47.97
2026-06-27 21:59:00.352224,83.2,44.92,16.74,34.25
2026-06-27 21:59:03.355677,96.1,51.87,15.1,48.63
2026-06-27 21:59:06.341541,95.3,51.44,18.13,46.21
2026-06-27 21:59:09.348814,94.7,51.14,5.44,35.15
2026-06-27 21:59:12.346529,99.7,53.86,15.89,40.67
2026-06-27 21:59:15.343392,96.2,51.95,18.73,31.37
2026-06-27 21:59:18.352289,89.0,48.05,15.08,38.43
2026-06-27 21:59:21.335321,90.8,49.04,13.63,36.9
2026-06-27 21:59:24.361686,99.7,53.82,0.92,27.45
2026-06-27 21:59:27.353368,88.0,47.53,13.45,34.11
2026-06-27 21:59:30.337362,98.3,53.06,12.89,31.65
2026-06-27 21:59:33.356417,90.6,48.9,5.46,43.0
